genome,blaSHV_nonESBL,blaSHV_ESBL,blaTEM,blaVEB-9,blaAmpC,blaCMY-2,blaFOX-5,blaOXA_nonESBL,ompK36_nonfunctional,ompK36_functional,ompK36_unknown,ompK37_functional,ompK37_unknown,KPC_Tn4401b,KPC_Tn4401d,KPC_Tn4401e,KPC_TransposonUndefined,KPC_CopyNumber_gte4
CRE-002,0,1,1,0,0,0,0,1,0,1,0,1,0,0,1,0,0,0
CRE-004,0,1,1,0,0,0,0,1,0,1,0,1,0,0,1,0,0,0
CRE-007,0,1,1,0,0,0,0,1,0,1,0,1,0,0,1,0,0,0
CRE-008,0,1,1,0,0,0,0,0,0,1,0,1,0,1,0,0,0,0
CRE-010,1,0,1,0,0,0,0,1,0,1,0,1,0,0,1,0,0,0
CRE-013,0,1,1,0,0,0,0,1,0,1,0,1,0,0,1,0,0,0
CRE-019,0,1,1,0,0,0,0,1,0,1,0,1,0,0,1,0,0,0
CRE-023,0,1,1,0,0,0,0,1,0,1,0,1,0,0,1,0,0,0
CRE-025,0,1,1,0,0,0,0,1,0,1,0,1,0,0,1,0,0,0
CRE-027,0,1,1,0,0,0,0,1,0,1,0,1,0,0,1,0,0,0
CRE-028,1,0,1,0,0,0,0,1,0,1,0,1,0,0,1,0,0,0
CRE-032,0,1,1,0,0,0,0,1,0,1,0,1,0,0,1,0,0,0
CRE-035,0,1,1,0,0,0,0,1,0,1,0,1,0,0,1,0,0,0
CRE-038,0,1,1,0,0,0,0,1,0,1,0,1,0,0,1,0,0,0
CRE-041,1,0,0,0,0,0,0,0,0,0,1,1,0,1,0,0,0,1
CRE-043,1,0,1,0,0,0,0,1,0,1,0,1,0,0,1,0,0,1
CRE-044,0,1,1,0,0,0,0,1,0,1,0,1,0,0,1,0,0,0
CRE-046,0,1,1,0,0,0,0,1,0,1,0,1,0,0,1,0,0,0
CRE-047,0,1,1,0,0,0,0,1,1,0,0,1,0,0,1,0,0,1
CRE-048,0,1,1,0,0,0,0,1,0,1,0,1,0,0,1,0,0,1
CRE-049,0,1,1,0,0,0,0,1,0,1,0,1,0,0,1,0,0,0
CRE-050,0,1,1,0,0,0,0,0,0,1,0,1,0,1,0,0,0,0
CRE-051,0,1,1,0,0,0,0,1,0,1,0,1,0,0,1,0,0,0
CRE-052,1,0,1,0,0,0,0,1,0,1,0,1,0,0,1,0,0,0
CRE-056,0,1,1,0,1,1,0,1,0,1,0,1,0,0,1,0,0,0
CRE-057,0,1,1,0,0,0,0,1,0,1,0,1,0,0,1,0,0,0
CRE-059,0,1,1,1,0,0,0,1,0,1,0,1,0,0,1,0,0,0
CRE-060,1,0,1,0,0,0,0,1,0,1,0,1,0,0,1,0,0,0
CRE-061,0,1,1,0,0,0,0,1,0,1,0,1,0,0,1,0,0,0
CRE-062,0,1,1,0,0,0,0,1,0,1,0,1,0,0,1,0,0,0
CRE-067,1,0,1,0,0,0,0,1,0,1,0,1,0,0,1,0,0,0
CRE-070,0,1,1,0,0,0,0,1,0,1,0,1,0,0,1,0,0,0
CRE-074,1,0,1,0,0,0,0,1,0,1,0,1,0,0,1,0,0,0
CRE-078,0,1,1,0,0,0,0,1,0,1,0,1,0,0,1,0,0,0
CRE-081,0,1,1,0,0,0,0,1,0,1,0,1,0,0,1,0,0,0
CRE-082,1,0,1,0,0,0,0,1,0,1,0,1,0,0,1,0,0,0
CRE-085,1,0,1,0,0,0,0,1,0,1,0,1,0,0,1,0,0,0
CRE-087,0,1,1,0,0,0,0,1,0,0,1,1,0,0,1,0,0,0
CRE-088,0,1,1,0,0,0,0,1,0,1,0,1,0,0,1,0,0,0
CRE-089,0,1,1,0,0,0,0,1,0,1,0,1,0,0,1,0,0,0
CRE-094,1,0,1,0,0,0,0,1,0,1,0,1,0,0,1,0,0,0
CRE-095,0,1,1,0,0,0,0,1,0,1,0,1,0,0,1,0,0,0
CRE-096,0,1,1,0,0,0,0,1,0,1,0,1,0,0,1,0,0,0
CRE-099,1,0,1,0,1,0,1,0,0,1,0,1,0,1,0,0,0,1
CRE-100,0,1,1,0,0,0,0,0,0,1,0,1,0,1,0,0,0,0
CRE-102,0,1,1,0,0,0,0,1,0,1,0,1,0,0,1,0,0,1
CRE-103,1,0,1,0,0,0,0,1,0,1,0,1,0,0,1,0,0,1
CRE-104,1,0,1,0,0,0,0,1,0,1,0,1,0,0,1,0,0,0
CRE-105,0,1,1,0,0,0,0,1,0,1,0,1,0,0,1,0,0,0
CRE-106,1,0,1,0,0,0,0,1,0,1,0,1,0,0,1,0,0,1
CRE-107,1,0,1,0,0,0,0,0,0,1,0,1,0,1,0,0,0,0
CRE-110,1,0,1,0,0,0,0,0,0,1,0,1,0,1,0,0,0,0
CRE-112,1,0,1,0,0,0,0,1,0,1,0,1,0,0,1,0,0,0
CRE-113,1,0,1,0,0,0,0,1,0,0,1,1,0,0,1,0,0,0
CRE-114,0,1,1,0,0,0,0,0,0,1,0,0,1,1,0,0,0,0
CRE-115,0,1,1,0,0,0,0,1,0,1,0,1,0,0,1,0,0,0
CRE-117,1,0,1,0,0,0,0,0,0,1,0,1,0,0,0,1,0,0
CRE-121,0,1,1,0,0,0,0,1,0,1,0,1,0,0,1,0,0,0
CRE-122,1,0,1,0,0,0,0,1,0,1,0,1,0,0,1,0,0,0
CRE-123,1,0,1,0,0,0,0,1,0,1,0,1,0,0,1,0,0,0
CRE-124,1,0,1,0,0,0,0,1,0,0,1,1,0,0,1,0,0,1
CRE-127,1,0,1,0,0,0,0,1,0,1,0,1,0,0,1,0,0,0
CRE-129,1,0,1,0,0,0,0,1,0,0,1,1,0,0,1,0,0,0
CRE-130,0,1,1,0,0,0,0,1,0,1,0,1,0,0,1,0,0,0
CRE-131,0,1,1,0,0,0,0,1,0,1,0,1,0,0,1,0,0,0
CRE-132,1,0,1,0,0,0,0,1,0,1,0,1,0,0,1,0,0,1
CRE-133,0,1,1,0,0,0,0,1,0,1,0,1,0,0,1,0,0,0
CRE-136,1,0,1,0,0,0,0,0,0,1,0,1,0,1,0,0,0,0
CRE-137,0,1,1,0,0,0,0,1,0,1,0,1,0,0,1,0,0,0
CRE-141,0,1,1,0,0,0,0,1,0,1,0,1,0,0,1,0,0,0
CRE-143,1,0,1,0,0,0,0,0,0,1,0,1,0,1,0,0,0,0
CRE-152,0,1,1,0,0,0,0,1,0,1,0,1,0,0,1,0,0,0
CRE-153,0,1,1,0,0,0,0,1,0,1,0,1,0,0,1,0,0,0
CRE-154,0,1,1,0,0,0,0,0,0,1,0,1,0,1,0,0,0,0
CRE-155,0,1,1,0,0,0,0,1,0,0,1,1,0,0,1,0,0,0
CRE-157,0,1,1,0,0,0,0,1,0,1,0,1,0,0,1,0,0,0
CRE-160,1,0,1,0,0,0,0,1,0,1,0,1,0,0,1,0,0,0
CRE-161,1,0,1,0,0,0,0,1,0,1,0,1,0,0,1,0,0,0
CRE-165,0,1,1,0,0,0,0,1,0,1,0,1,0,0,1,0,0,0
CRE-166,1,0,1,0,0,0,0,1,0,1,0,1,0,0,1,0,0,0
CRE-167,1,0,1,0,0,0,0,0,0,1,0,1,0,1,0,0,0,0
CRE-168,0,1,1,0,0,0,0,0,0,1,0,1,0,1,0,0,0,0
CRE-171,1,0,1,0,0,0,0,0,0,1,0,1,0,1,0,0,0,0
CRE-172,1,0,1,0,0,0,0,1,0,1,0,1,0,0,1,0,0,0
CRE-173,0,1,1,0,0,0,0,1,0,1,0,1,0,0,1,0,0,0
CRE-176,1,0,1,0,0,0,0,1,0,1,0,1,0,0,1,0,0,0
CRE-178,0,1,1,0,0,0,0,0,0,1,0,1,0,1,0,0,0,0
CRE-180,0,0,1,0,0,0,0,1,0,1,0,1,0,0,1,0,0,0
CRE-183,0,1,1,0,0,0,0,0,0,1,0,1,0,1,0,0,0,0
CRE-188,0,1,1,0,0,0,0,0,0,1,0,1,0,1,0,0,0,1
CRE-191,0,1,1,0,0,0,0,0,0,1,0,1,0,1,0,0,0,0
CRE-196,1,0,1,0,0,0,0,1,0,0,1,1,0,0,1,0,0,0
CRE-201,0,0,1,0,0,0,0,1,0,1,0,1,0,0,1,0,0,0
CRE-205,0,1,1,0,0,0,0,1,0,1,0,1,0,1,0,0,0,1
CRE-206,1,0,1,0,0,0,0,0,0,1,0,1,0,1,0,0,0,1
CRE-207,0,1,1,0,0,0,0,0,0,1,0,1,0,1,0,0,0,1
CRE-212,1,0,1,0,0,0,0,0,0,1,0,1,0,1,0,0,0,0
CRE-216,0,1,1,0,0,0,0,1,0,1,0,1,0,0,1,0,0,0
CRE-220,0,1,1,0,0,0,0,1,0,1,0,1,0,0,1,0,0,0
CRE-221,1,0,1,0,0,0,0,1,0,1,0,1,0,0,1,0,0,0
CRE-225,0,1,1,0,0,0,0,1,1,0,0,1,0,0,1,0,0,0
CRE-226,0,1,1,0,0,0,0,1,0,1,0,1,0,0,1,0,0,0
CRE-227,1,0,1,0,0,0,0,1,0,1,0,1,0,0,1,0,0,0
CRE-228,1,0,1,0,0,0,0,1,0,1,0,1,0,0,1,0,0,0
CRE-229,0,1,1,0,0,0,0,1,0,0,1,1,0,0,1,0,0,0
CRE-231,1,0,1,0,0,0,0,1,0,1,0,1,0,0,1,0,0,0
CRE-232,0,1,1,0,0,0,0,1,0,0,1,1,0,0,1,0,0,0
CRE-234,1,0,1,0,0,0,0,1,0,0,1,1,0,0,0,0,1,0
CRE-237,1,0,1,0,0,0,0,1,0,1,0,1,0,0,1,0,0,0
CRE-239,1,0,1,0,0,0,0,0,0,1,0,1,0,1,0,0,0,0
CRE-240,1,0,1,1,0,0,0,0,0,1,0,1,0,1,0,0,0,1
CRE-244,0,1,1,0,0,0,0,1,0,0,1,1,0,0,1,0,0,0
CRE-245,0,1,1,0,0,0,0,1,0,1,0,1,0,0,1,0,0,0
CRE-246,1,0,1,0,0,0,0,1,0,0,1,1,0,0,1,0,0,0
CRE-247,1,0,1,0,0,0,0,1,0,1,0,1,0,0,1,0,0,0
CRE-248,1,0,1,0,0,0,0,1,0,1,0,1,0,0,1,0,0,0
CRE-251,0,1,1,0,0,0,0,1,1,0,0,1,0,0,1,0,0,0
CRE-253,0,1,1,0,0,0,0,1,0,1,0,1,0,0,1,0,0,1
CRE-256,1,0,1,0,0,0,0,1,0,1,0,1,0,1,0,0,0,0
CRE-258,0,1,1,0,0,0,0,1,0,1,0,1,0,0,1,0,0,0
CRE-259,1,0,1,0,0,0,0,0,0,1,0,1,0,1,0,0,0,0
CRE-264,1,0,1,0,0,0,0,1,0,1,0,1,0,0,1,0,0,0
CRE-266,0,1,1,0,0,0,0,1,0,0,1,1,0,0,1,0,0,1
